filename,width,height,class,xmin,ymin,xmax,ymax
homemade_masks (1).jpg,640,640,homemade,145,242,493,455
homemade_masks (10).jpg,640,640,homemade,78,79,565,490
homemade_masks (100).jpg,640,640,homemade,235,269,466,460
homemade_masks (101).jpg,607,607,homemade,126,262,369,450
homemade_masks (103).jpg,640,640,homemade,133,256,407,490
homemade_masks (104).jpg,640,640,homemade,191,235,471,392
homemade_masks (105).jpg,640,640,homemade,136,248,525,621
homemade_masks (106).jpg,640,640,homemade,164,258,513,504
homemade_masks (107).jpg,640,640,homemade,130,325,501,618
homemade_masks (108).jpg,640,640,homemade,185,362,477,613
homemade_masks (109).jpg,640,640,homemade,244,254,430,390
homemade_masks (11).jpg,640,640,homemade,195,408,347,551
homemade_masks (11).jpg,640,640,homemade,392,477,526,587
homemade_masks (110).jpg,640,640,homemade,123,225,365,413
homemade_masks (111).jpg,640,640,homemade,135,237,503,511
homemade_masks (112).jpg,640,640,homemade,89,271,538,563
homemade_masks (113).jpg,640,640,homemade,243,317,637,594
homemade_masks (114).jpg,640,640,homemade,189,255,462,490
homemade_masks (115).jpg,640,640,homemade,182,272,460,446
homemade_masks (116).jpg,640,640,homemade,278,144,413,247
homemade_masks (117).jpg,640,640,homemade,255,185,505,373
homemade_masks (118).jpg,640,640,homemade,176,286,497,512
homemade_masks (12).jpg,640,640,homemade,12,68,343,337
homemade_masks (120).jpg,640,640,homemade,201,295,464,497
homemade_masks (121).jpg,640,640,homemade,220,72,435,252
homemade_masks (122).jpg,640,640,homemade,207,236,428,484
homemade_masks (123).jpg,640,640,homemade,189,215,435,379
homemade_masks (124).jpg,640,640,homemade,351,317,640,586
homemade_masks (124).jpg,640,640,surgical,58,331,321,534
homemade_masks (125).jpg,640,640,homemade,171,249,420,446
homemade_masks (126).jpg,640,640,homemade,226,250,480,426
homemade_masks (127).jpg,640,640,homemade,177,206,526,469
homemade_masks (128).jpg,640,640,homemade,201,298,505,530
homemade_masks (129).jpg,640,640,homemade,385,172,637,351
homemade_masks (13).jpg,640,640,homemade,99,184,525,575
homemade_masks (130).jpg,640,640,homemade,24,335,281,504
homemade_masks (131).jpg,640,640,homemade,95,335,455,629
homemade_masks (132).jpg,640,640,homemade,129,279,407,521
homemade_masks (133).jpg,640,640,homemade,208,327,389,470
homemade_masks (134).jpg,640,640,homemade,162,325,429,531
homemade_masks (135).jpg,640,640,homemade,91,245,574,578
homemade_masks (136).jpg,640,640,homemade,22,341,239,554
homemade_masks (136).jpg,640,640,homemade,404,208,569,341
homemade_masks (137).jpg,640,640,homemade,141,365,573,588
homemade_masks (138).jpg,640,640,homemade,193,157,414,415
homemade_masks (140).jpg,640,640,homemade,159,264,429,455
homemade_masks (141).jpg,640,640,homemade,139,258,468,498
homemade_masks (142).jpg,640,640,homemade,128,173,451,396
homemade_masks (143).jpg,640,640,homemade,67,324,313,516
homemade_masks (144).jpg,640,640,homemade,85,275,362,474
homemade_masks (144).jpg,640,640,homemade,449,5,620,98
homemade_masks (144).jpg,640,640,homemade,442,108,630,222
homemade_masks (144).jpg,640,640,homemade,437,218,640,313
homemade_masks (144).jpg,640,640,homemade,437,319,639,423
homemade_masks (144).jpg,640,640,homemade,432,433,630,531
homemade_masks (144).jpg,640,640,homemade,429,538,635,638
homemade_masks (145).jpg,640,640,homemade,100,360,503,640
homemade_masks (146).jpg,640,640,homemade,188,289,473,527
homemade_masks (147).jpg,640,640,homemade,59,252,439,550
homemade_masks (148).jpg,640,640,homemade,1,336,332,625
homemade_masks (149).jpg,640,640,homemade,158,261,503,556
homemade_masks (15).jpg,640,640,homemade,137,317,545,594
homemade_masks (151).jpg,405,405,homemade,85,164,156,209
homemade_masks (152).jpg,640,640,homemade,170,217,482,408
homemade_masks (154).jpg,640,640,homemade,123,290,522,602
homemade_masks (155).jpg,640,640,homemade,116,79,384,242
homemade_masks (156).jpg,640,640,homemade,206,274,471,621
homemade_masks (157).jpg,640,640,homemade,191,297,485,487
homemade_masks (158).jpg,640,640,homemade,203,200,478,622
homemade_masks (159).jpg,640,640,homemade,210,191,443,357
homemade_masks (16).jpg,640,640,homemade,25,460,343,638
homemade_masks (16).jpg,640,640,homemade,286,113,574,308
homemade_masks (160).jpg,640,640,homemade,139,216,423,404
homemade_masks (161).jpg,640,640,homemade,139,243,398,483
homemade_masks (162).jpg,640,640,homemade,268,159,386,254
homemade_masks (163).jpg,640,640,homemade,143,212,572,577
homemade_masks (164).jpg,640,640,homemade,201,255,464,519
homemade_masks (165).jpg,640,640,homemade,91,304,551,596
homemade_masks (166).jpg,640,640,homemade,133,260,384,456
homemade_masks (166).jpg,640,640,homemade,343,444,593,590
homemade_masks (167).jpg,640,640,homemade,141,65,470,342
homemade_masks (168).jpg,607,607,homemade,172,204,458,425
homemade_masks (169).jpg,640,640,homemade,25,292,238,411
homemade_masks (169).jpg,640,640,homemade,259,269,470,432
homemade_masks (17).jpg,640,640,homemade,239,137,640,507
homemade_masks (170).jpg,640,640,homemade,3,385,161,531
homemade_masks (170).jpg,640,640,homemade,427,410,640,635
homemade_masks (171).jpg,640,640,homemade,162,140,450,427
homemade_masks (173).jpg,640,640,homemade,91,297,395,500
homemade_masks (174).jpg,640,640,homemade,152,200,461,393
homemade_masks (176).jpg,640,640,homemade,242,122,514,285
homemade_masks (177).jpg,640,640,homemade,105,211,522,544
homemade_masks (178).jpg,624,624,homemade,152,166,510,421
homemade_masks (179).jpg,640,640,homemade,253,334,564,500
homemade_masks (18).jpg,640,640,homemade,1,110,367,569
homemade_masks (181).jpg,640,640,homemade,205,166,508,371
homemade_masks (182).jpg,640,640,homemade,74,387,425,640
homemade_masks (183).jpg,640,640,homemade,176,235,567,604
homemade_masks (184).jpg,640,640,homemade,172,152,432,369
homemade_masks (185).jpg,640,640,homemade,202,277,458,454
homemade_masks (186).jpg,640,640,homemade,164,297,486,530
homemade_masks (187).jpg,640,640,homemade,37,181,532,598
homemade_masks (188).jpg,640,640,homemade,127,335,535,625
homemade_masks (189).jpg,640,640,homemade,145,93,459,363
homemade_masks (19).jpg,640,640,homemade,197,281,526,517
homemade_masks (191).jpg,640,640,homemade,137,152,432,376
homemade_masks (192).jpg,640,640,homemade,134,344,446,586
homemade_masks (193).jpg,640,640,homemade,303,254,409,313
homemade_masks (194).jpg,640,640,homemade,134,220,446,475
homemade_masks (195).jpg,640,640,homemade,68,267,448,579
homemade_masks (196).jpg,640,640,homemade,145,287,420,571
homemade_masks (197).jpg,640,640,homemade,207,117,377,203
homemade_masks (198).jpg,640,640,homemade,145,308,461,511
homemade_masks (199).jpg,640,640,homemade,126,317,502,543
homemade_masks (2).jpg,640,640,homemade,141,327,535,604
homemade_masks (20).jpg,640,640,homemade,122,267,412,427
homemade_masks (200).jpg,640,640,homemade,155,280,453,508
homemade_masks (201).jpg,640,640,homemade,93,255,362,462
homemade_masks (202).jpg,640,640,homemade,179,467,393,616
homemade_masks (202).jpg,640,640,homemade,400,478,638,637
homemade_masks (202).jpg,640,640,homemade,239,88,482,245
homemade_masks (203).jpg,640,640,homemade,194,177,412,342
homemade_masks (204).jpg,640,640,homemade,355,260,605,506
homemade_masks (205).jpg,640,640,homemade,98,140,401,363
homemade_masks (207).jpg,640,640,homemade,154,279,514,590
homemade_masks (208).jpg,640,640,homemade,162,271,447,495
homemade_masks (209).jpg,640,640,homemade,211,281,484,505
homemade_masks (21).jpg,640,640,homemade,52,294,574,637
homemade_masks (210).jpg,640,640,homemade,212,286,459,496
homemade_masks (211).jpg,640,640,homemade,108,203,405,406
homemade_masks (212).jpg,640,640,homemade,161,274,462,533
homemade_masks (213).jpg,640,640,homemade,233,301,493,472
homemade_masks (214).jpg,640,640,homemade,200,349,546,632
homemade_masks (215).jpg,546,546,homemade,170,161,390,308
homemade_masks (216).jpg,640,640,homemade,88,246,570,569
homemade_masks (217).jpg,640,640,homemade,179,322,553,603
homemade_masks (218).jpg,640,640,homemade,53,213,215,319
homemade_masks (218).jpg,640,640,homemade,244,198,399,317
homemade_masks (219).jpg,640,640,homemade,80,391,493,640
homemade_masks (22).jpg,640,640,homemade,230,323,530,538
homemade_masks (220).jpg,640,640,homemade,172,256,470,496
homemade_masks (221).jpg,640,640,homemade,247,297,532,540
homemade_masks (223).jpg,640,640,homemade,313,130,626,388
homemade_masks (224).jpg,640,640,homemade,243,241,459,375
homemade_masks (225).jpg,640,640,homemade,172,293,502,558
homemade_masks (226).jpg,640,640,homemade,148,285,533,585
homemade_masks (228).jpg,640,640,homemade,130,263,416,535
homemade_masks (229).jpg,640,640,homemade,41,238,321,402
homemade_masks (23).jpg,640,640,homemade,68,498,337,640
homemade_masks (230).jpg,640,640,surgical,131,358,395,551
homemade_masks (231).jpg,640,640,homemade,206,198,482,490
homemade_masks (232).jpg,640,640,homemade,176,263,535,525
homemade_masks (233).jpg,640,640,homemade,289,279,592,534
homemade_masks (234).jpg,640,640,homemade,183,204,441,384
homemade_masks (236).jpg,640,640,homemade,162,275,539,508
homemade_masks (237).jpg,640,640,homemade,192,46,389,196
homemade_masks (238).jpg,640,640,homemade,154,154,355,296
homemade_masks (239).jpg,640,640,homemade,285,279,535,478
homemade_masks (239).jpg,640,640,surgical,1,1,289,281
homemade_masks (24).jpg,640,640,homemade,106,191,526,519
homemade_masks (240).jpg,640,640,homemade,78,288,500,595
homemade_masks (241).jpg,640,640,homemade,123,190,397,392
homemade_masks (242).jpg,640,640,homemade,147,285,460,542
homemade_masks (243).jpg,640,640,homemade,205,196,393,323
homemade_masks (244).jpg,640,640,homemade,162,256,523,454
homemade_masks (245).jpg,640,640,homemade,50,162,382,424
homemade_masks (246).jpg,640,640,homemade,218,335,550,575
homemade_masks (247).jpg,640,640,homemade,49,366,395,619
homemade_masks (248).jpg,640,640,homemade,175,212,491,563
homemade_masks (249).jpg,640,640,homemade,275,69,351,130
homemade_masks (25).jpg,640,640,homemade,238,269,400,362
homemade_masks (27).jpg,640,640,homemade,159,204,494,483
homemade_masks (29).jpg,640,640,homemade,80,157,548,437
homemade_masks (3).jpg,640,640,homemade,189,217,398,348
homemade_masks (30).jpg,640,640,homemade,152,210,460,423
homemade_masks (31).jpg,640,640,homemade,106,338,545,612
homemade_masks (32).jpg,640,640,homemade,93,122,468,379
homemade_masks (33).jpg,640,640,homemade,172,223,505,475
homemade_masks (34).jpg,640,640,homemade,116,290,547,616
homemade_masks (35).jpg,640,640,homemade,103,312,506,584
homemade_masks (36).jpg,640,640,homemade,201,427,513,640
homemade_masks (37).jpg,640,640,homemade,200,276,482,505
homemade_masks (39).jpg,640,640,homemade,214,129,371,260
homemade_masks (4).jpg,640,640,homemade,162,283,496,544
homemade_masks (40).jpg,640,640,homemade,337,306,616,586
homemade_masks (41).jpg,640,640,homemade,209,217,557,562
homemade_masks (42).jpg,640,640,homemade,179,303,315,437
homemade_masks (42).jpg,640,640,homemade,360,397,612,550
homemade_masks (43).jpg,640,640,homemade,165,187,505,440
homemade_masks (44).jpg,531,531,homemade,120,300,391,502
homemade_masks (45).jpg,640,640,homemade,111,281,562,552
homemade_masks (46).jpg,640,640,homemade,3,280,232,423
homemade_masks (46).jpg,640,640,homemade,222,250,405,356
homemade_masks (46).jpg,640,640,homemade,458,282,616,377
homemade_masks (46).jpg,640,640,homemade,366,164,484,266
homemade_masks (46).jpg,640,640,homemade,364,162,482,264
homemade_masks (47).jpg,640,640,homemade,149,235,505,443
homemade_masks (48).jpg,640,640,homemade,105,248,403,486
homemade_masks (49).jpg,640,640,homemade,116,137,574,467
homemade_masks (5).jpg,640,640,homemade,163,258,593,619
homemade_masks (51).jpg,640,640,homemade,146,344,571,585
homemade_masks (53).jpg,640,640,homemade,128,296,491,560
homemade_masks (54).jpg,640,640,homemade,82,338,535,640
homemade_masks (55).jpg,640,640,homemade,189,279,535,489
homemade_masks (56).jpg,640,640,homemade,193,212,484,369
homemade_masks (57).jpg,640,640,homemade,141,165,421,367
homemade_masks (58).jpg,640,640,homemade,166,248,540,525
homemade_masks (59).jpg,640,640,homemade,94,270,305,449
homemade_masks (59).jpg,640,640,homemade,366,226,588,367
homemade_masks (6).jpg,607,1080,homemade,230,422,581,648
homemade_masks (61).jpg,640,640,homemade,232,124,410,296
homemade_masks (61).jpg,640,640,homemade,409,146,576,312
homemade_masks (61).jpg,640,640,homemade,191,483,374,619
homemade_masks (63).jpg,640,640,homemade,209,196,480,369
homemade_masks (64).jpg,640,640,homemade,220,318,549,562
homemade_masks (65).jpg,640,640,homemade,115,326,490,640
homemade_masks (66).jpg,640,640,homemade,49,60,326,312
homemade_masks (67).jpg,640,640,homemade,21,11,349,265
homemade_masks (67).jpg,640,640,homemade,345,131,620,387
homemade_masks (68).jpg,640,640,homemade,40,265,351,590
homemade_masks (69).jpg,640,640,homemade,134,312,473,563
homemade_masks (70).jpg,640,640,homemade,117,186,604,631
homemade_masks (71).jpg,640,640,homemade,289,99,349,149
homemade_masks (72).jpg,640,640,homemade,209,342,495,567
homemade_masks (73).jpg,640,640,homemade,145,248,509,516
homemade_masks (74).jpg,640,640,homemade,209,264,445,404
homemade_masks (75).jpg,640,640,homemade,187,149,485,329
homemade_masks (76).jpg,640,640,homemade,18,169,339,431
homemade_masks (77).jpg,640,640,homemade,85,302,589,637
homemade_masks (78).jpg,640,640,homemade,102,372,397,595
homemade_masks (79).jpg,640,640,homemade,84,268,444,453
homemade_masks (8).jpg,640,640,homemade,145,288,574,609
homemade_masks (80).jpg,640,640,homemade,194,131,350,235
homemade_masks (80).jpg,640,640,homemade,192,129,348,233
homemade_masks (81).jpg,640,640,homemade,137,145,405,350
homemade_masks (82).jpg,640,640,homemade,87,179,505,635
homemade_masks (83).jpg,640,640,homemade,149,302,443,585
homemade_masks (84).jpg,640,640,homemade,132,277,561,602
homemade_masks (85).jpg,640,640,homemade,197,183,516,403
homemade_masks (87).jpg,640,640,homemade,57,429,240,611
homemade_masks (87).jpg,640,640,homemade,447,123,640,388
homemade_masks (88).jpg,640,640,homemade,113,177,410,460
homemade_masks (89).jpg,536,536,homemade,105,294,439,486
homemade_masks (9).jpg,640,640,homemade,87,277,469,502
homemade_masks (90).jpg,592,592,homemade,33,121,592,545
homemade_masks (91).jpg,640,640,homemade,183,296,482,476
homemade_masks (92).jpg,640,640,homemade,127,237,347,515
homemade_masks (93).jpg,570,570,homemade,153,213,423,461
homemade_masks (94).jpg,640,640,homemade,305,219,640,503
homemade_masks (96).jpg,640,640,homemade,202,202,466,413
homemade_masks (97).jpg,640,640,homemade,230,240,595,479
homemade_masks (98).jpg,640,640,homemade,184,150,371,335
homemade_masks (98).jpg,640,640,homemade,293,438,538,573
homemade_masks (99).jpg,640,640,homemade,213,273,469,473
n95_masks (1)0.jpeg,1100,550,n95,707,208,858,359
n95_masks (1)1.jpg,700,700,n95,256,317,571,517
n95_masks (1)3.png,387,516,n95,20,263,176,427
n95_masks (10).jpeg,769,1024,n95,196,410,455,653
n95_masks (10)0.jpg,800,533,n95,245,199,386,344
n95_masks (10)0.jpg,800,533,n95,397,203,543,359
n95_masks (100).jpg,4246,2825,n95,1330,1683,2316,2345
n95_masks (101).jpg,3008,2000,n95,913,527,1177,781
n95_masks (101).jpg,3008,2000,n95,1493,443,1750,695
n95_masks (101).jpg,3008,2000,bare,537,331,752,483
n95_masks (101).jpg,3008,2000,bare,16,262,179,387
n95_masks (101).jpg,3008,2000,bare,2079,520,2175,620
n95_masks (101).jpg,3008,2000,bare,2614,510,2698,579
n95_masks (102).jpg,700,467,n95,261,178,476,342
n95_masks (102).jpg,700,467,n95,95,326,261,438
n95_masks (103).jpg,800,533,n95,240,251,447,468
n95_masks (104).jpg,600,400,n95,463,145,533,225
n95_masks (105).jpg,600,400,n95,282,146,323,187
n95_masks (107).jpg,600,400,n95,169,187,339,355
n95_masks (107).jpg,600,400,n95,436,106,511,206
n95_masks (108).jpg,1024,682,n95,279,249,512,485
n95_masks (109).jpg,3504,1971,n95,916,1071,1411,1605
n95_masks (109).jpg,3504,1971,n95,1483,664,2064,1164
n95_masks (11)0.jpg,1800,1800,n95,454,528,1338,1287
n95_masks (110).jpg,3500,2333,n95,1304,1317,2085,2051
n95_masks (111).jpg,612,408,n95,242,132,408,276
n95_masks (113).jpg,1200,900,n95,450,379,1197,882
n95_masks (114).jpg,780,439,n95,219,136,295,195
n95_masks (115).jpg,2715,1527,n95,2,453,518,987
n95_masks (115).jpg,2715,1527,n95,951,663,1398,1085
n95_masks (115).jpg,2715,1527,n95,1562,842,1967,1178
n95_masks (115).jpg,2715,1527,n95,2220,1025,2535,1283
n95_masks (116).jpg,500,500,n95,151,202,356,352
n95_masks (117).jpg,1280,720,n95,538,262,826,552
n95_masks (119).jpg,211,350,n95,23,130,161,268
n95_masks (12).jpeg,225,225,n95,47,90,165,185
n95_masks (12)0.jpg,1000,649,n95,367,250,644,541
n95_masks (120).jpg,1024,768,n95,224,304,642,737
n95_masks (121).jpg,1200,706,n95,559,261,962,661
n95_masks (122).jpg,800,533,n95,325,145,449,240
n95_masks (123).jpg,800,533,n95,215,203,374,318
n95_masks (124).jpg,1800,1013,n95,1094,327,1312,478
n95_masks (124).jpg,1800,1013,bare,470,479,617,612
n95_masks (124).jpg,1800,1013,bare,962,711,1038,793
n95_masks (125).jpg,1280,720,n95,438,253,785,588
n95_masks (126).jpg,600,400,n95,296,111,388,201
n95_masks (127).jpg,1800,1800,n95,49,581,339,976
n95_masks (127).jpg,1800,1800,n95,1384,642,1549,887
n95_masks (129).jpg,700,418,n95,131,155,221,261
n95_masks (129).jpg,700,418,n95,416,126,522,227
n95_masks (13).jpeg,194,259,n95,32,98,117,150
n95_masks (13)0.jpg,920,629,n95,176,217,734,629
n95_masks (130).jpg,650,650,n95,169,237,482,591
n95_masks (131).jpg,266,400,n95,55,135,224,326
n95_masks (133).jpg,400,350,n95,97,173,237,294
n95_masks (134).jpg,960,668,n95,563,192,703,337
n95_masks (135).jpg,804,838,n95,131,293,587,733
n95_masks (137).jpg,2048,1365,n95,295,162,450,289
n95_masks (137).jpg,2048,1365,n95,877,281,1032,417
n95_masks (137).jpg,2048,1365,n95,1122,230,1298,361
n95_masks (137).jpg,2048,1365,n95,1589,492,1932,758
n95_masks (137).jpg,2048,1365,n95,382,575,646,781
n95_masks (139).jpg,570,380,n95,224,176,368,342
n95_masks (14).jpeg,275,183,n95,220,26,272,80
n95_masks (14).jpeg,275,183,n95,92,73,128,111
n95_masks (14).jpeg,275,183,n95,147,68,162,79
n95_masks (14).jpeg,275,183,n95,35,69,48,79
n95_masks (140).jpg,1400,933,n95,609,394,841,666
n95_masks (141).jpg,1200,801,n95,463,334,674,519
n95_masks (142).jpg,412,309,n95,222,104,309,180
n95_masks (143).jpg,763,509,n95,166,264,413,487
n95_masks (144).jpg,540,360,n95,212,164,319,266
n95_masks (145).jpg,1500,1101,n95,588,499,913,781
n95_masks (146).jpg,1200,701,n95,333,257,760,701
n95_masks (148).jpg,625,415,n95,78,134,223,277
n95_masks (148).jpg,625,415,n95,303,226,487,363
n95_masks (148).jpg,625,415,n95,456,107,559,206
n95_masks (149).jpg,512,512,n95,100,207,302,396
n95_masks (15).jpeg,239,211,n95,14,88,89,163
n95_masks (15).jpeg,239,211,n95,140,75,217,152
n95_masks (15)0.jpg,920,629,n95,163,213,713,629
n95_masks (151).jpg,1536,1024,n95,605,296,921,611
n95_masks (152).jpg,800,533,n95,508,175,583,243
n95_masks (153).jpg,800,533,n95,344,132,491,272
n95_masks (154).jpg,800,392,n95,463,123,634,267
n95_masks (155).jpg,410,230,n95,245,93,323,173
n95_masks (156).jpg,1024,576,n95,325,236,495,427
n95_masks (157).jpg,1024,682,n95,503,288,712,454
n95_masks (158).jpg,1200,900,n95,563,161,664,280
n95_masks (158).jpg,1200,900,bare,95,246,217,336
n95_masks (158).jpg,1200,900,bare,1017,193,1130,264
n95_masks (159).jpg,1200,630,n95,346,255,442,352
n95_masks (159).jpg,1200,630,n95,519,138,621,228
n95_masks (159).jpg,1200,630,n95,717,212,819,322
n95_masks (16).jpeg,275,183,n95,112,71,187,161
n95_masks (16)0.jpg,960,640,n95,219,225,462,500
n95_masks (160).jpg,615,410,n95,223,183,419,389
n95_masks (17).jpeg,2320,3088,n95,951,1431,1981,2444
n95_masks (17)0.jpg,780,520,n95,371,266,614,500
n95_masks (18).jpeg,602,452,n95,206,214,365,370
n95_masks (18)0.jpg,1000,667,n95,176,270,278,376
n95_masks (18)0.jpg,1000,667,homemade,506,202,611,281
n95_masks (19).jpeg,1000,1500,n95,244,480,658,873
n95_masks (19)0.jpg,800,800,n95,252,228,693,640
n95_masks (2)0.jpeg,1278,1277,n95,316,598,966,1121
n95_masks (2)1.jpg,924,634,n95,442,412,695,624
n95_masks (2)3.png,1576,1006,n95,528,354,981,781
n95_masks (20).jpeg,1100,733,n95,68,458,278,640
n95_masks (20).jpeg,1100,733,n95,633,351,878,542
n95_masks (20)0.jpg,700,400,n95,322,133,425,255
n95_masks (21).jpg,1200,630,n95,243,147,727,556
n95_masks (22).jpg,425,356,n95,121,171,257,285
n95_masks (23).jpg,700,467,n95,331,162,535,406
n95_masks (24).jpg,700,475,n95,40,53,296,327
n95_masks (24).jpg,700,475,n95,350,251,600,466
n95_masks (25).jpg,1200,781,n95,225,362,700,737
n95_masks (26).jpg,2100,1500,n95,800,648,1247,1039
n95_masks (27).jpg,634,423,n95,237,189,420,347
n95_masks (28).jpg,634,423,n95,67,156,116,204
n95_masks (28).jpg,634,423,n95,159,112,210,166
n95_masks (28).jpg,634,423,n95,400,150,448,201
n95_masks (29).jpg,320,240,n95,133,99,249,228
n95_masks (3)0.jpeg,1024,1024,n95,155,445,689,826
n95_masks (3)1.jpg,3000,1688,n95,519,588,1205,1130
n95_masks (3)2.png,724,407,n95,301,128,357,167
n95_masks (3)2.png,724,407,n95,379,73,432,119
n95_masks (30).jpg,700,394,n95,211,205,368,359
n95_masks (30).jpg,700,394,n95,378,21,614,235
n95_masks (31).jpg,879,879,n95,258,318,341,393
n95_masks (31).jpg,879,879,n95,533,282,613,356
n95_masks (32).jpg,640,640,n95,173,172,442,420
n95_masks (33).jpg,640,640,n95,178,106,253,172
n95_masks (33).jpg,640,640,n95,288,123,372,188
n95_masks (34).jpg,640,640,n95,182,228,472,479
n95_masks (35).jpg,640,640,n95,158,349,396,566
n95_masks (36).jpg,640,640,n95,245,104,383,271
n95_masks (38).jpg,640,640,n95,67,165,262,319
n95_masks (38).jpg,640,640,homemade,365,263,570,425
n95_masks (39).jpg,640,640,n95,213,245,514,519
n95_masks (4).jpeg,600,337,n95,241,172,369,307
n95_masks (4)0.png,0,0,n95,197,97,235,129
n95_masks (4)1.jpg,1800,1200,n95,596,255,670,324
n95_masks (4)1.jpg,1800,1200,n95,804,302,869,356
n95_masks (4)1.jpg,1800,1200,n95,1005,295,1074,352
n95_masks (4)1.jpg,1800,1200,n95,1189,368,1250,428
n95_masks (4)1.jpg,1800,1200,n95,548,535,622,592
n95_masks (40).jpg,640,640,n95,307,6,527,211
n95_masks (41).jpg,640,640,n95,137,295,524,623
n95_masks (42).jpg,640,640,n95,226,260,439,469
n95_masks (43).jpg,640,640,n95,301,33,404,140
n95_masks (44).jpg,640,640,n95,169,293,431,512
n95_masks (46).jpg,640,640,n95,214,232,462,458
n95_masks (47).jpg,640,640,n95,212,223,485,426
n95_masks (48).jpg,640,640,n95,207,164,407,308
n95_masks (49).jpg,1300,870,n95,624,211,864,392
n95_masks (5).jpeg,960,540,n95,265,155,396,285
n95_masks (5)0.png,864,647,n95,187,208,389,407
n95_masks (5)1.jpg,1800,1798,n95,806,601,962,714
n95_masks (5)1.jpg,1800,1798,homemade,230,449,432,610
n95_masks (5)1.jpg,1800,1798,homemade,1447,549,1673,704
n95_masks (51).jpg,400,225,n95,233,51,275,85
n95_masks (52).jpg,240,320,n95,81,161,142,207
n95_masks (53).jpg,487,675,n95,140,189,319,344
n95_masks (54).jpg,690,656,n95,107,124,202,252
n95_masks (55).jpg,1024,1024,n95,389,430,969,900
n95_masks (56).jpg,768,1024,n95,113,500,498,849
n95_masks (57).jpg,116,116,n95,5,37,67,108
n95_masks (58).jpg,320,240,n95,129,73,216,151
n95_masks (59).jpg,1024,768,n95,303,168,783,688
n95_masks (6)0.jpg,400,400,n95,140,161,239,266
n95_masks (60).jpg,320,222,n95,80,57,152,130
n95_masks (60).jpg,320,222,n95,170,105,241,186
n95_masks (61).jpg,768,1024,n95,239,570,483,770
n95_masks (62).jpg,768,1024,n95,244,490,566,814
n95_masks (63).jpg,947,1024,n95,116,382,468,743
n95_masks (64).jpg,612,612,n95,28,205,293,442
n95_masks (64).jpg,612,612,n95,361,188,593,347
n95_masks (65).jpg,768,1024,n95,268,450,702,952
n95_masks (66).jpg,612,612,n95,10,143,174,263
n95_masks (66).jpg,612,612,n95,258,123,422,279
n95_masks (66).jpg,612,612,n95,454,294,612,497
n95_masks (69).jpg,1024,768,n95,150,300,593,707
n95_masks (69).jpg,1024,768,bare,574,445,965,744
n95_masks (7).jpeg,1280,720,n95,813,261,1048,489
n95_masks (7)0.jpg,355,296,n95,134,121,244,222
n95_masks (70).jpg,320,240,n95,150,108,282,240
n95_masks (70).jpg,320,240,bare,16,84,137,175
n95_masks (71).jpg,1024,768,n95,385,372,837,744
n95_masks (71).jpg,1024,768,bare,131,205,410,393
n95_masks (72).jpg,320,240,n95,30,80,102,118
n95_masks (72).jpg,320,240,n95,207,127,265,168
n95_masks (73).jpg,320,240,n95,91,83,144,131
n95_masks (74).jpg,819,1024,n95,319,342,712,665
n95_masks (75).jpg,320,229,n95,92,111,142,185
n95_masks (76).jpg,701,1024,n95,130,310,299,493
n95_masks (77).jpg,399,271,n95,175,103,263,190
n95_masks (79).jpg,683,1024,n95,226,483,501,773
n95_masks (8).jpeg,840,473,n95,355,121,488,247
n95_masks (8)0.jpg,1023,1103,n95,392,231,624,442
n95_masks (80).jpg,683,1024,n95,190,488,444,768
n95_masks (81).jpg,320,240,n95,123,101,180,160
n95_masks (82).jpg,819,1024,n95,123,390,536,834
n95_masks (83).jpg,1100,619,n95,267,224,625,599
n95_masks (84).jpg,900,450,n95,425,306,587,442
n95_masks (85).jpg,1500,1124,n95,243,276,422,416
n95_masks (85).jpg,1500,1124,n95,855,167,1014,301
n95_masks (85).jpg,1500,1124,bare,1185,281,1332,381
n95_masks (86).jpg,1300,957,n95,364,425,882,865
n95_masks (87).jpg,875,583,n95,342,321,514,434
n95_masks (88).jpg,700,417,n95,171,136,412,348
n95_masks (9).jpeg,970,647,n95,426,206,683,457
n95_masks (9)0.jpg,522,667,n95,137,316,393,597
n95_masks (90).jpg,1200,900,n95,522,380,807,661
n95_masks (91).jpg,643,362,n95,180,96,395,352
n95_masks (92).jpg,1000,1333,n95,336,350,607,580
n95_masks (93).jpg,1600,1168,n95,730,452,1093,724
n95_masks (94).jpg,900,1200,n95,388,657,805,989
n95_masks (95).jpg,1421,1322,n95,227,352,758,730
n95_masks (96).jpg,620,469,n95,153,195,325,383
n95_masks (99).jpg,2500,1661,n95,812,728,1033,1043
no_mask (1).jpeg,1200,1200,bare,370,583,916,991
no_mask (1)_0.jpg,852,480,bare,259,206,466,351
no_mask (1)_1.png,458,324,bare,51,94,165,177
no_mask (1)_1.png,458,324,bare,274,85,392,183
no_mask (10).jpg,640,960,bare,175,395,470,575
no_mask (10)_0.jpeg,183,275,bare,48,125,126,190
no_mask (100).jpg,1524,1608,bare,413,512,1122,1022
no_mask (101).jpg,1280,854,bare,334,354,568,510
no_mask (103).jpg,1800,1200,bare,713,425,907,563
no_mask (103).jpg,1800,1200,bare,916,430,1053,542
no_mask (103).jpg,1800,1200,bare,1052,478,1177,598
no_mask (104).jpg,750,422,bare,320,143,425,223
no_mask (105).jpg,1200,800,bare,475,290,740,468
no_mask (106).jpg,612,408,bare,98,156,205,243
no_mask (106).jpg,612,408,bare,234,210,346,294
no_mask (106).jpg,612,408,bare,373,158,481,230
no_mask (107).jpg,612,408,bare,190,143,307,225
no_mask (108).jpg,612,395,bare,120,134,489,390
no_mask (109).jpg,1200,801,bare,453,332,692,515
no_mask (11).jpg,612,408,bare,257,100,351,165
no_mask (11)_0.jpeg,840,696,bare,315,339,544,510
no_mask (110).jpg,1920,1080,bare,499,488,1399,1080
no_mask (111).jpg,300,200,bare,51,88,95,119
no_mask (111).jpg,300,200,bare,128,86,165,115
no_mask (111).jpg,300,200,bare,190,78,234,105
no_mask (111).jpg,300,200,bare,248,76,285,105
no_mask (113).jpg,1300,957,bare,305,184,402,246
no_mask (113).jpg,1300,957,bare,684,263,782,320
no_mask (113).jpg,1300,957,bare,923,261,1019,320
no_mask (114).jpg,750,400,bare,113,141,326,288
no_mask (114).jpg,750,400,bare,462,215,623,370
no_mask (115).jpg,800,533,bare,419,251,604,401
no_mask (116).jpg,600,750,bare,184,321,422,488
no_mask (117).jpg,1500,2100,bare,406,815,1127,1319
no_mask (118).jpg,1200,1779,bare,201,689,835,1130
no_mask (119).jpg,3000,2000,bare,560,1023,1400,1720
no_mask (119).jpg,3000,2000,bare,1462,743,2135,1448
no_mask (12).jpg,540,614,bare,161,232,388,392
no_mask (12)_0.jpeg,226,223,bare,7,103,73,153
no_mask (12)_0.jpeg,226,223,bare,77,92,134,136
no_mask (12)_0.jpeg,226,223,bare,132,90,180,136
no_mask (120).jpg,600,749,bare,172,376,402,594
no_mask (121).jpg,630,472,bare,1,102,97,209
no_mask (121).jpg,630,472,bare,137,120,216,175
no_mask (121).jpg,630,472,bare,249,172,334,244
no_mask (121).jpg,630,472,bare,363,98,432,166
no_mask (121).jpg,630,472,bare,438,195,516,263
no_mask (121).jpg,630,472,bare,531,253,630,362
no_mask (124).jpg,1080,1350,bare,419,463,640,667
no_mask (126).jpg,728,493,bare,307,224,543,402
no_mask (127).jpg,1369,1369,bare,727,651,923,768
no_mask (128).jpg,1150,624,bare,498,277,694,419
no_mask (129).jpg,625,415,bare,176,167,323,289
no_mask (13).jpg,640,960,bare,165,347,436,586
no_mask (130).jpg,299,450,bare,73,178,209,268
no_mask (131).jpg,840,493,bare,183,189,508,396
no_mask (132).jpg,800,530,bare,264,225,478,385
no_mask (133).jpg,1100,826,bare,116,362,468,622
no_mask (134).jpg,750,422,bare,165,181,329,314
no_mask (135).jpg,250,250,bare,64,124,167,191
no_mask (136).jpg,1000,667,bare,264,264,486,404
no_mask (136).jpg,1000,667,bare,546,241,711,371
no_mask (137).jpg,1000,1000,bare,334,338,603,529
no_mask (138).jpg,750,422,bare,88,258,374,422
no_mask (138).jpg,750,422,bare,394,120,574,293
no_mask (139).jpg,960,480,bare,265,202,464,353
no_mask (14).jpg,564,705,bare,158,233,385,385
no_mask (14)_0.jpeg,460,612,bare,57,185,193,289
no_mask (14)_0.jpeg,460,612,bare,213,197,314,267
no_mask (140).jpg,760,428,bare,258,204,440,338
no_mask (141).jpg,900,385,bare,361,190,525,292
no_mask (142).jpg,1600,1200,bare,666,457,985,673
no_mask (143).jpg,1280,853,bare,405,310,665,494
no_mask (144).jpg,506,285,bare,73,129,138,176
no_mask (144).jpg,506,285,bare,168,127,243,180
no_mask (144).jpg,506,285,bare,229,56,293,101
no_mask (144).jpg,506,285,bare,314,41,385,88
no_mask (145).jpg,1880,1197,bare,1038,390,1379,637
no_mask (146).jpg,948,557,bare,333,175,480,321
no_mask (147).jpg,440,264,bare,223,60,259,89
no_mask (148).jpg,819,1024,bare,200,358,451,552
no_mask (15).jpg,768,512,bare,374,148,441,190
no_mask (150).jpg,1080,675,bare,139,262,375,414
no_mask (150).jpg,1080,675,bare,657,277,855,425
no_mask (151).jpg,375,500,bare,91,224,269,355
no_mask (152).jpg,732,549,bare,306,254,454,404
no_mask (153).jpg,790,530,bare,232,209,406,365
no_mask (154).jpg,1499,2000,bare,303,695,1191,1279
no_mask (155).jpg,800,400,bare,436,129,607,238
no_mask (156).jpg,1024,620,bare,176,200,352,311
no_mask (156).jpg,1024,620,bare,680,212,867,315
no_mask (157).jpg,768,768,bare,279,318,628,521
no_mask (157).jpg,768,768,bare,1,548,135,717
no_mask (157).jpg,768,768,bare,581,476,768,633
no_mask (158).jpg,500,500,bare,185,278,361,405
no_mask (16).jpg,700,500,bare,173,169,240,213
no_mask (16).jpg,700,500,bare,266,164,329,214
no_mask (16).jpg,700,500,bare,333,177,394,219
no_mask (16).jpg,700,500,bare,407,192,465,236
no_mask (16).jpg,700,500,bare,479,186,545,229
no_mask (16)_0.jpeg,189,266,bare,46,101,139,173
no_mask (160).jpg,800,533,bare,36,233,150,288
no_mask (160).jpg,800,533,bare,250,196,349,256
no_mask (160).jpg,800,533,bare,383,231,476,285
no_mask (160).jpg,800,533,bare,625,188,739,263
no_mask (161).jpg,626,417,bare,178,133,219,165
no_mask (161).jpg,626,417,bare,272,161,316,187
no_mask (162).jpg,366,470,bare,161,152,207,182
no_mask (162).jpg,366,470,bare,234,121,277,155
no_mask (163).jpg,612,408,bare,142,173,299,286
no_mask (164).jpg,1500,1125,bare,214,263,333,344
no_mask (164).jpg,1500,1125,bare,464,310,581,386
no_mask (164).jpg,1500,1125,bare,795,274,914,349
no_mask (164).jpg,1500,1125,bare,1033,255,1135,329
no_mask (164).jpg,1500,1125,bare,1268,293,1371,361
no_mask (165).jpg,1024,684,bare,545,296,814,479
no_mask (166).jpg,600,900,bare,208,330,401,455
no_mask (167).jpg,2012,2000,bare,695,810,1220,1233
no_mask (168).jpg,500,500,bare,89,244,303,465
no_mask (169).jpg,624,478,bare,55,293,267,463
no_mask (169).jpg,624,478,bare,370,199,574,364
no_mask (17).jpg,500,666,bare,137,265,329,409
no_mask (17)_0.jpeg,302,167,bare,141,57,224,114
no_mask (170).jpg,792,1072,bare,105,548,688,972
no_mask (171).jpg,480,481,bare,140,178,358,325
no_mask (173).jpg,800,600,bare,109,242,196,290
no_mask (173).jpg,800,600,bare,236,251,330,313
no_mask (173).jpg,800,600,bare,307,180,387,232
no_mask (173).jpg,800,600,bare,446,305,618,416
no_mask (174).jpg,512,288,bare,213,108,325,185
no_mask (175).jpg,512,341,bare,61,118,120,153
no_mask (175).jpg,512,341,bare,173,159,231,197
no_mask (175).jpg,512,341,bare,249,101,319,149
no_mask (175).jpg,512,341,bare,332,172,394,215
no_mask (175).jpg,512,341,bare,410,110,478,159
no_mask (176).jpg,512,341,bare,147,138,203,179
no_mask (176).jpg,512,341,bare,249,112,308,154
no_mask (176).jpg,512,341,bare,340,116,406,160
no_mask (177).jpg,510,330,bare,224,129,319,194
no_mask (178).jpg,405,517,bare,98,173,239,266
no_mask (179).jpg,1200,600,bare,457,273,736,482
no_mask (18)_0.jpeg,225,225,bare,63,83,144,137
no_mask (181).jpg,980,551,bare,458,314,697,498
no_mask (181).jpg,980,551,bare,819,330,908,464
no_mask (182).jpg,1024,1024,bare,250,570,773,910
no_mask (183).jpg,859,1032,bare,225,585,664,933
no_mask (184).jpg,1200,801,bare,153,314,273,398
no_mask (184).jpg,1200,801,bare,381,347,507,434
no_mask (184).jpg,1200,801,bare,572,360,683,440
no_mask (184).jpg,1200,801,bare,726,323,809,415
no_mask (184).jpg,1200,801,bare,897,353,1003,438
no_mask (185).jpg,2000,1333,bare,762,507,1149,809
no_mask (186).jpg,732,549,bare,246,209,531,389
no_mask (188).jpg,1000,668,bare,417,264,674,492
no_mask (189).jpg,732,549,bare,363,200,532,317
no_mask (19)_0.jpeg,225,225,bare,68,69,127,108
no_mask (190).jpg,400,232,bare,51,65,95,93
no_mask (190).jpg,400,232,bare,109,77,152,102
no_mask (190).jpg,400,232,bare,196,77,232,103
no_mask (190).jpg,400,232,bare,258,79,303,106
no_mask (190).jpg,400,232,bare,322,50,371,81
no_mask (191).jpg,1067,1689,bare,254,336,471,495
no_mask (191).jpg,1067,1689,bare,517,351,752,525
no_mask (193).jpg,1080,1350,bare,439,444,654,591
no_mask (194).jpeg,1000,667,bare,328,263,528,439
no_mask (195).jpeg,1000,1500,bare,214,748,672,1067
no_mask (196).jpeg,1000,1500,bare,322,689,672,897
no_mask (197).jpeg,1000,1500,bare,326,862,806,1181
no_mask (198).jpeg,1000,1500,bare,295,502,692,764
no_mask (199).jpeg,1000,1500,bare,250,578,701,889
no_mask (2).png,526,394,bare,190,173,342,293
no_mask (2)_0.jpeg,786,972,bare,181,221,432,488
no_mask (2)_0.jpeg,786,972,bare,410,374,777,658
no_mask (2)_1.jpg,852,480,bare,294,132,360,174
no_mask (2)_1.jpg,852,480,bare,434,180,487,214
no_mask (2)_1.jpg,852,480,bare,561,125,616,170
no_mask (20).jpg,640,877,bare,161,440,468,661
no_mask (20)_0.jpeg,225,225,bare,81,79,153,132
no_mask (200).jpeg,1000,1689,bare,277,836,730,1157
no_mask (201).jpeg,1000,1778,bare,312,743,640,970
no_mask (202).jpeg,1000,1494,bare,255,629,693,954
no_mask (203).jpeg,1000,1500,bare,358,337,651,575
no_mask (204).jpeg,1920,1080,bare,1142,448,1467,701
no_mask (205).jpeg,424,283,bare,74,88,114,117
no_mask (205).jpeg,424,283,bare,145,84,186,109
no_mask (205).jpeg,424,283,bare,236,90,276,112
no_mask (205).jpeg,424,283,bare,280,91,319,120
no_mask (205).jpeg,424,283,bare,344,93,383,121
no_mask (207).jpeg,500,750,bare,133,293,372,459
no_mask (208).jpeg,500,750,bare,172,290,356,409
no_mask (209).jpeg,500,755,bare,183,261,322,365
no_mask (21).jpg,851,965,bare,242,318,653,650
no_mask (21)_0.jpeg,275,183,bare,128,56,192,107
no_mask (210).jpeg,1000,1500,bare,220,702,851,1156
no_mask (22).jpg,630,355,bare,41,50,121,130
no_mask (22).jpg,630,355,bare,173,81,239,131
no_mask (22).jpg,630,355,bare,248,120,310,166
no_mask (22).jpg,630,355,bare,346,175,436,248
no_mask (22).jpg,630,355,bare,483,84,570,156
no_mask (22)_0.jpeg,275,183,bare,113,68,165,108
no_mask (23).jpg,640,359,bare,390,169,564,306
no_mask (23)_0.jpeg,275,183,bare,92,65,147,104
no_mask (24).jpg,298,450,bare,72,215,142,265
no_mask (24)_0.jpeg,300,168,bare,105,70,147,106
no_mask (25).jpg,960,640,bare,210,183,284,243
no_mask (25).jpg,960,640,bare,408,152,486,210
no_mask (25).jpg,960,640,bare,623,117,725,179
no_mask (25)_0.jpeg,183,275,bare,71,111,113,145
no_mask (26).jpg,960,540,bare,285,228,523,390
no_mask (26)_0.jpeg,225,225,bare,102,68,149,102
no_mask (27).jpg,600,600,bare,244,219,478,388
no_mask (27)_0.jpeg,275,183,bare,95,58,166,100
no_mask (28).jpg,800,433,bare,82,57,158,109
no_mask (28).jpg,800,433,bare,362,65,464,135
no_mask (28).jpg,800,433,bare,645,80,732,133
no_mask (28).jpg,800,433,bare,662,274,733,331
no_mask (28).jpg,800,433,bare,185,282,275,342
no_mask (28)_0.jpeg,278,181,bare,110,89,188,152
no_mask (29).jpg,1200,630,bare,279,270,622,562
no_mask (3).jpg,910,480,bare,542,190,758,326
no_mask (3)_0.jpeg,630,944,bare,104,462,499,743
no_mask (3)_1.png,640,636,bare,184,234,433,402
no_mask (30).jpg,597,398,bare,205,131,266,183
no_mask (30).jpg,597,398,bare,271,137,344,188
no_mask (31).jpg,1200,630,bare,444,329,734,537
no_mask (31)_0.jpeg,183,276,bare,34,134,153,215
no_mask (32).jpg,700,443,bare,247,231,434,366
no_mask (32)_0.jpeg,185,272,bare,64,106,138,163
no_mask (33).jpg,650,423,bare,229,180,382,291
no_mask (33)_0.jpeg,259,194,bare,90,99,191,176
no_mask (34).jpg,1200,630,bare,427,319,739,547
no_mask (34)_0.jpeg,326,460,bare,68,228,218,348
no_mask (35).jpg,1120,1120,bare,484,391,768,605
no_mask (35)_0.jpeg,500,427,bare,135,189,347,350
no_mask (36).jpg,732,549,bare,289,226,470,346
no_mask (36)_0.jpeg,500,333,bare,165,187,333,308
no_mask (37).jpg,320,400,bare,88,134,239,239
no_mask (37)_0.jpeg,500,333,bare,180,101,294,186
no_mask (38).jpg,320,400,bare,78,153,249,280
no_mask (39).jpg,320,400,bare,102,170,227,271
no_mask (4).png,1600,1600,bare,143,575,776,1105
no_mask (4).png,1600,1600,bare,1058,731,1386,1195
no_mask (4)_0.jpeg,600,450,bare,205,189,384,336
no_mask (4)_1.jpg,0,0,bare,160,155,211,200
no_mask (4)_1.jpg,0,0,bare,263,179,320,223
no_mask (4)_1.jpg,0,0,bare,424,167,487,214
no_mask (4)_1.jpg,0,0,bare,551,190,607,228
no_mask (40).jpg,1200,800,bare,665,213,861,334
no_mask (41).jpg,500,625,bare,118,308,408,504
no_mask (42).jpg,700,467,bare,254,140,346,201
no_mask (44).jpg,634,513,bare,146,118,249,190
no_mask (44).jpg,634,513,bare,389,115,483,188
no_mask (45).jpg,700,467,bare,225,221,439,378
no_mask (46).jpg,1300,866,bare,370,348,507,463
no_mask (46).jpg,1300,866,bare,605,269,770,376
no_mask (46).jpg,1300,866,bare,906,324,1049,418
no_mask (47).jpg,1300,972,bare,202,294,406,493
no_mask (47).jpg,1300,972,bare,405,303,591,485
no_mask (47).jpg,1300,972,bare,638,391,859,561
no_mask (48).jpg,660,440,bare,87,129,162,178
no_mask (48).jpg,660,440,bare,173,101,266,172
no_mask (48).jpg,660,440,bare,296,151,405,221
no_mask (48).jpg,660,440,bare,447,148,582,256
no_mask (49).jpg,1250,850,bare,63,320,381,551
no_mask (49).jpg,1250,850,bare,453,321,830,573
no_mask (49).jpg,1250,850,bare,874,306,1234,570
no_mask (5).png,339,600,bare,76,275,244,427
no_mask (5)_0.jpeg,1063,597,bare,140,250,294,357
no_mask (5)_0.jpeg,1063,597,bare,339,232,479,338
no_mask (5)_0.jpeg,1063,597,bare,575,154,688,243
no_mask (5)_0.jpeg,1063,597,bare,779,126,924,247
no_mask (5)_1.jpg,768,959,bare,203,364,570,614
no_mask (51).jpg,1080,1350,bare,290,511,625,756
no_mask (52).jpg,1000,1000,bare,262,453,680,713
no_mask (54).jpg,1300,867,bare,153,339,289,435
no_mask (54).jpg,1300,867,bare,325,451,463,561
no_mask (54).jpg,1300,867,bare,610,453,793,617
no_mask (54).jpg,1300,867,bare,955,314,1129,468
no_mask (54).jpg,1300,867,bare,756,256,878,347
no_mask (54).jpg,1300,867,bare,543,212,647,295
no_mask (54).jpg,1300,867,bare,400,218,517,301
no_mask (55).jpg,1300,866,bare,620,297,699,368
no_mask (55).jpg,1300,866,bare,772,370,878,433
no_mask (55).jpg,1300,866,bare,261,307,335,387
no_mask (56).jpg,1300,867,bare,317,408,385,452
no_mask (56).jpg,1300,867,bare,464,375,533,434
no_mask (56).jpg,1300,867,bare,618,369,695,417
no_mask (56).jpg,1300,867,bare,756,323,845,379
no_mask (56).jpg,1300,867,bare,879,405,971,458
no_mask (57).jpg,1300,867,bare,674,227,795,327
no_mask (57).jpg,1300,867,bare,727,330,849,471
no_mask (58).jpg,1300,866,bare,445,310,564,410
no_mask (58).jpg,1300,866,bare,646,301,780,399
no_mask (58).jpg,1300,866,bare,837,234,974,331
no_mask (59).jpg,1600,900,bare,751,394,1016,571
no_mask (6).png,454,335,bare,171,98,257,162
no_mask (6).png,454,335,bare,255,79,346,149
no_mask (6)_0.jpeg,620,413,bare,64,107,107,135
no_mask (6)_0.jpeg,620,413,bare,141,94,191,128
no_mask (6)_0.jpeg,620,413,bare,248,94,301,128
no_mask (6)_0.jpeg,620,413,bare,349,63,404,98
no_mask (6)_0.jpeg,620,413,bare,464,82,532,118
no_mask (6)_1.jpg,970,546,bare,316,201,671,437
no_mask (61).jpg,1024,1024,bare,318,341,620,584
no_mask (62).jpg,306,437,bare,76,162,223,273
no_mask (64).jpg,2400,3000,bare,653,1307,1746,1982
no_mask (66).jpg,1200,800,bare,122,266,328,416
no_mask (66).jpg,1200,800,bare,515,290,705,433
no_mask (66).jpg,1200,800,bare,873,297,1110,462
no_mask (67).jpg,1296,730,bare,607,315,1011,602
no_mask (68).jpg,3106,3883,bare,1033,1517,2065,2249
no_mask (69).jpg,512,341,bare,182,194,344,313
no_mask (7).png,300,150,bare,103,66,185,119
no_mask (7)_0.jpeg,720,527,bare,291,187,502,365
no_mask (7)_1.jpg,615,409,bare,199,198,418,340
no_mask (70).jpg,560,700,bare,143,270,373,518
no_mask (71).jpg,600,315,bare,99,56,177,118
no_mask (71).jpg,600,315,bare,258,62,327,123
no_mask (71).jpg,600,315,bare,459,101,535,151
no_mask (72).jpg,620,480,bare,239,178,443,314
no_mask (73).jpg,950,540,bare,351,187,516,313
no_mask (74).jpg,396,395,bare,119,151,272,252
no_mask (75).jpg,287,376,bare,44,145,222,302
no_mask (76).jpg,273,204,bare,42,95,141,160
no_mask (77).jpg,768,433,bare,281,191,457,316
no_mask (78).jpg,800,533,bare,310,166,450,288
no_mask (79).jpg,438,447,bare,123,220,305,346
no_mask (8).jpg,640,335,bare,175,83,299,168
no_mask (8).jpg,640,335,bare,424,89,552,181
no_mask (8).jpg,640,335,bare,276,269,429,335
no_mask (8)_0.jpeg,387,217,bare,100,100,172,150
no_mask (8)_0.jpeg,387,217,bare,188,77,260,134
no_mask (8)_1.png,1200,628,bare,349,265,478,355
no_mask (8)_1.png,1200,628,bare,516,206,609,275
no_mask (8)_1.png,1200,628,bare,685,149,802,219
no_mask (8)_1.png,1200,628,bare,790,286,879,354
no_mask (80).jpg,700,467,bare,352,196,457,272
no_mask (81).jpg,492,492,bare,145,242,365,402
no_mask (82).jpg,1200,800,bare,430,263,606,385
no_mask (84).jpg,600,426,bare,71,205,205,284
no_mask (84).jpg,600,426,bare,235,165,328,231
no_mask (84).jpg,600,426,bare,349,110,432,176
no_mask (84).jpg,600,426,bare,443,117,519,178
no_mask (86).jpg,1023,682,bare,261,166,413,263
no_mask (86).jpg,1023,682,bare,452,209,605,316
no_mask (86).jpg,1023,682,bare,637,192,792,294
no_mask (87).jpg,1024,683,bare,416,256,502,306
no_mask (87).jpg,1024,683,bare,469,161,568,217
no_mask (87).jpg,1024,683,bare,630,247,714,306
no_mask (89).jpg,1023,761,bare,704,190,801,258
no_mask (9).jpg,2500,1406,bare,1261,607,1771,1001
no_mask (9)_0.jpeg,183,275,bare,58,107,141,166
no_mask (90).jpg,1023,682,bare,247,168,396,250
no_mask (91).jpg,808,449,bare,219,107,295,160
no_mask (91).jpg,808,449,bare,367,113,442,160
no_mask (91).jpg,808,449,bare,522,122,582,163
no_mask (92).jpg,980,653,bare,186,242,290,324
no_mask (92).jpg,980,653,bare,450,152,550,249
no_mask (92).jpg,980,653,bare,656,245,766,334
no_mask (93).jpg,736,919,bare,119,299,368,517
no_mask (93).jpg,736,919,bare,389,306,613,488
no_mask (94).jpg,1200,700,bare,536,208,747,367
no_mask (95).jpg,1080,1350,bare,395,463,772,708
no_mask (96).jpg,732,549,bare,285,292,389,360
no_mask (97).jpg,1200,628,bare,465,279,716,460
no_mask (98).jpg,732,549,bare,160,259,399,446
surgical_masks (1).jpeg,1100,825,surgical,446,442,835,722
surgical_masks (1)0.jpg,900,507,surgical,245,124,429,284
surgical_masks (1)0.jpg,900,507,surgical,563,158,708,292
surgical_masks (1)1.png,800,486,surgical,126,228,345,401
surgical_masks (1)1.png,800,486,surgical,579,220,777,408
surgical_masks (10).jpg,852,480,surgical,229,148,492,361
surgical_masks (10)0.jpeg,1280,1280,surgical,564,203,946,477
surgical_masks (100).jpg,626,416,surgical,376,142,522,291
surgical_masks (101).jpg,768,1024,surgical,235,383,551,603
surgical_masks (102).jpg,612,413,surgical,151,163,303,282
surgical_masks (103).jpg,2121,1414,surgical,755,602,1427,1214
surgical_masks (104).jpg,612,408,surgical,216,205,284,254
surgical_masks (105).jpg,1280,853,surgical,505,304,655,491
surgical_masks (106).jpg,1160,773,surgical,268,334,434,456
surgical_masks (107).jpg,775,425,surgical,269,118,517,336
surgical_masks (108).jpg,612,423,surgical,118,162,310,331
surgical_masks (109).jpg,1254,837,surgical,583,284,888,582
surgical_masks (11).jpg,800,533,surgical,403,114,515,194
surgical_masks (111).jpg,900,627,surgical,344,283,591,460
surgical_masks (112).jpg,311,162,surgical,106,71,189,138
surgical_masks (113).jpg,262,192,surgical,120,77,166,111
surgical_masks (114).jpg,275,183,surgical,102,79,167,136
surgical_masks (116).jpg,225,225,surgical,1,117,93,204
surgical_masks (116).jpg,225,225,surgical,127,110,225,205
surgical_masks (117).jpg,300,168,surgical,174,49,225,96
surgical_masks (118).jpg,275,183,surgical,169,29,190,50
surgical_masks (118).jpg,275,183,surgical,227,21,243,34
surgical_masks (118).jpg,275,183,surgical,82,19,97,29
surgical_masks (118).jpg,275,183,surgical,26,20,39,30
surgical_masks (119).jpg,314,161,surgical,46,78,234,161
surgical_masks (12).jpg,299,168,surgical,91,50,132,78
surgical_masks (12)0.jpeg,259,194,surgical,37,73,100,137
surgical_masks (12)0.jpeg,259,194,surgical,153,72,235,133
surgical_masks (120).jpg,276,183,surgical,110,61,135,90
surgical_masks (120).jpg,276,183,surgical,208,106,233,120
surgical_masks (123).jpg,300,168,surgical,122,74,177,111
surgical_masks (124).jpg,318,159,surgical,22,77,143,159
surgical_masks (124).jpg,318,159,surgical,170,68,293,159
surgical_masks (125).jpg,291,173,surgical,16,110,291,171
surgical_masks (126).jpg,275,183,surgical,100,77,190,136
surgical_masks (127).jpg,275,183,surgical,234,61,275,124
surgical_masks (128).jpg,320,214,surgical,139,85,257,186
surgical_masks (129).jpg,320,213,surgical,103,89,311,213
surgical_masks (130).jpg,1120,747,surgical,279,256,635,550
surgical_masks (130).jpg,1120,747,surgical,759,277,1091,511
surgical_masks (131).jpg,2500,1664,surgical,983,435,1286,658
surgical_masks (132).jpg,1200,800,surgical,431,338,813,605
surgical_masks (133).jpg,626,417,surgical,399,156,525,260
surgical_masks (134).jpg,1280,720,surgical,551,352,887,633
surgical_masks (135).jpg,1600,1155,surgical,311,230,485,354
surgical_masks (135).jpg,1600,1155,surgical,674,166,843,301
surgical_masks (136).jpg,1280,720,surgical,726,215,974,411
surgical_masks (137).jpg,960,500,surgical,329,218,586,425
surgical_masks (138).jpg,890,501,surgical,159,197,295,315
surgical_masks (139).jpg,1012,569,surgical,459,160,548,227
surgical_masks (14).jpg,269,187,surgical,2,79,53,111
surgical_masks (14).jpg,269,187,surgical,54,34,91,61
surgical_masks (14).jpg,269,187,surgical,129,29,163,57
surgical_masks (14).jpg,269,187,surgical,189,43,226,76
surgical_masks (14)0.jpeg,260,194,surgical,129,82,172,129
surgical_masks (140).jpg,424,283,surgical,2,92,152,216
surgical_masks (140).jpg,424,283,surgical,162,97,272,191
surgical_masks (141).jpg,720,405,surgical,219,166,392,315
surgical_masks (142).jpg,991,557,surgical,392,113,472,210
surgical_masks (142).jpg,991,557,surgical,579,152,656,236
surgical_masks (142).jpg,991,557,surgical,129,228,211,318
surgical_masks (143).jpg,600,375,surgical,366,173,503,291
surgical_masks (144).jpg,626,417,surgical,311,156,538,358
surgical_masks (145).jpg,644,428,surgical,145,210,458,410
surgical_masks (146).jpg,626,417,surgical,337,142,448,228
surgical_masks (147).jpg,1600,1066,surgical,726,270,891,412
surgical_masks (147).jpg,1600,1066,surgical,998,399,1141,534
surgical_masks (147).jpg,1600,1066,surgical,165,433,292,574
surgical_masks (148).jpg,1200,630,surgical,182,311,352,460
surgical_masks (149).jpg,3500,2333,surgical,1175,1051,1753,1493
surgical_masks (15).jpg,4096,2160,surgical,1640,649,2982,1833
surgical_masks (15)0.jpeg,275,183,surgical,107,72,161,113
surgical_masks (150).jpg,1024,683,surgical,369,281,613,520
surgical_masks (151).jpg,626,417,surgical,164,223,475,411
surgical_masks (152).jpg,626,417,surgical,242,177,402,325
surgical_masks (154).jpg,420,280,surgical,285,77,361,145
surgical_masks (156).jpg,640,396,surgical,244,189,431,323
surgical_masks (158).jpg,770,433,surgical,301,105,388,174
surgical_masks (158).jpg,770,433,surgical,579,226,725,335
surgical_masks (159).jpg,700,466,surgical,521,143,640,238
surgical_masks (159).jpg,700,466,n95,391,120,454,173
surgical_masks (16).jpg,1400,932,surgical,631,588,855,766
surgical_masks (16)0.jpeg,275,183,surgical,98,78,188,135
surgical_masks (160).jpg,800,533,surgical,371,195,529,326
surgical_masks (161).jpg,1280,720,surgical,390,192,617,370
surgical_masks (161).jpg,1280,720,surgical,757,318,934,508
surgical_masks (162).jpg,1024,768,surgical,381,400,604,605
surgical_masks (163).jpg,802,600,surgical,166,241,374,371
surgical_masks (163).jpg,802,600,surgical,548,147,632,238
surgical_masks (164).jpg,800,533,surgical,309,142,522,358
surgical_masks (165).jpg,800,556,surgical,301,174,521,328
surgical_masks (167).jpg,299,168,surgical,57,59,120,116
surgical_masks (168).jpg,275,183,surgical,100,78,180,154
surgical_masks (169).jpg,258,195,surgical,129,73,175,104
surgical_masks (17).jpg,342,342,surgical,91,157,232,266
surgical_masks (17)0.jpeg,600,400,surgical,174,151,273,243
surgical_masks (170).jpg,276,183,surgical,155,99,200,135
surgical_masks (170).jpg,276,183,surgical,117,86,146,110
surgical_masks (170).jpg,276,183,surgical,22,107,66,140
surgical_masks (171).jpg,275,183,surgical,58,44,160,148
surgical_masks (172).jpg,275,183,surgical,189,50,241,95
surgical_masks (173).jpg,275,183,surgical,91,84,138,120
surgical_masks (174).jpg,410,230,surgical,108,73,163,130
surgical_masks (174).jpg,410,230,surgical,262,48,314,91
surgical_masks (175).jpg,400,225,surgical,186,70,273,172
surgical_masks (176).jpg,410,230,surgical,81,107,181,188
surgical_masks (177).jpg,1200,900,surgical,465,401,562,490
surgical_masks (177).jpg,1200,900,surgical,808,424,912,514
surgical_masks (18)0.jpeg,1000,1500,surgical,604,477,852,669
surgical_masks (19).jpg,960,640,surgical,337,277,551,425
surgical_masks (19).jpg,960,640,surgical,690,464,917,640
surgical_masks (2).jpg,1000,1500,surgical,213,606,730,1028
surgical_masks (2)0.jpeg,720,480,surgical,233,196,293,227
surgical_masks (21).jpg,960,640,surgical,230,231,440,457
surgical_masks (21).jpg,960,640,surgical,422,312,715,552
surgical_masks (22).jpg,640,427,surgical,170,86,285,185
surgical_masks (22).jpg,640,427,surgical,333,72,424,162
surgical_masks (23).jpg,740,493,surgical,123,194,422,423
surgical_masks (24).jpg,1000,1000,surgical,231,422,580,808
surgical_masks (25).jpg,1200,630,surgical,542,328,681,437
surgical_masks (26).jpg,735,490,surgical,275,134,403,233
surgical_masks (28).jpg,1500,1600,surgical,555,705,1205,1238
surgical_masks (29).jpg,1000,1260,surgical,282,563,735,897
surgical_masks (3).jpg,300,168,surgical,112,84,207,151
surgical_masks (3)0.jpeg,720,480,surgical,269,219,425,340
surgical_masks (3)1.png,2831,2124,surgical,1381,810,2243,1839
surgical_masks (30).jpg,1000,666,surgical,143,410,278,532
surgical_masks (30).jpg,1000,666,surgical,295,424,441,553
surgical_masks (30).jpg,1000,666,surgical,645,395,799,539
surgical_masks (31).jpg,1240,798,surgical,134,261,416,486
surgical_masks (33).jpg,750,445,surgical,185,229,292,309
surgical_masks (33).jpg,750,445,surgical,326,111,424,216
surgical_masks (34).jpg,940,627,surgical,552,220,817,447
surgical_masks (35).jpg,975,1300,surgical,374,429,735,740
surgical_masks (36).jpg,1200,675,surgical,278,176,414,279
surgical_masks (36).jpg,1200,675,surgical,607,209,742,305
surgical_masks (37).jpg,2100,2520,surgical,690,746,1445,1331
surgical_masks (38).jpg,700,467,surgical,285,205,433,309
surgical_masks (39).jpg,1300,906,surgical,452,358,831,655
surgical_masks (4).jpg,275,183,surgical,203,54,252,94
surgical_masks (4)0.jpeg,1200,1200,surgical,310,546,842,965
surgical_masks (40).jpg,940,627,surgical,306,306,663,557
surgical_masks (41).jpg,1300,866,surgical,550,355,1133,775
surgical_masks (42).jpg,2048,1365,surgical,649,548,1147,1006
surgical_masks (43).jpg,634,441,surgical,183,230,416,417
surgical_masks (44).jpg,1300,866,surgical,561,377,929,698
surgical_masks (45).jpg,700,394,surgical,405,156,559,291
surgical_masks (46).jpg,450,300,surgical,1,144,202,300
surgical_masks (47).jpg,640,640,surgical,158,152,549,410
surgical_masks (48).jpg,640,640,surgical,162,306,520,601
surgical_masks (49).jpg,640,640,surgical,29,113,294,344
surgical_masks (5)0.jpeg,1600,900,surgical,531,411,898,729
surgical_masks (5)0.jpeg,1600,900,bare,1295,697,1520,878
surgical_masks (5)1.png,580,416,surgical,154,205,356,362
surgical_masks (50).jpg,640,640,surgical,164,175,456,382
surgical_masks (51).jpg,640,640,surgical,74,254,551,640
surgical_masks (52).jpg,640,640,surgical,91,307,159,366
surgical_masks (52).jpg,640,640,surgical,222,317,280,365
surgical_masks (52).jpg,640,640,surgical,323,350,389,401
surgical_masks (52).jpg,640,640,surgical,485,236,548,282
surgical_masks (53).jpg,640,640,surgical,187,252,420,444
surgical_masks (54).jpg,640,640,surgical,165,235,460,503
surgical_masks (56).jpg,450,300,surgical,146,132,296,271
surgical_masks (57).jpg,450,300,surgical,278,128,383,214
surgical_masks (58).jpg,352,480,surgical,119,141,248,238
surgical_masks (59).jpg,320,240,surgical,120,99,209,180
surgical_masks (6).jpg,309,163,surgical,126,51,223,139
surgical_masks (6)0.jpeg,720,480,surgical,186,278,222,318
surgical_masks (60).jpg,320,240,surgical,79,71,163,144
surgical_masks (60).jpg,320,240,surgical,159,103,244,174
surgical_masks (61).jpg,320,240,homemade,77,94,123,128
surgical_masks (61).jpg,320,240,homemade,145,113,192,147
surgical_masks (61).jpg,320,240,homemade,218,127,267,164
surgical_masks (62).jpg,768,1024,surgical,192,455,648,836
surgical_masks (63).jpg,768,1024,homemade,86,573,449,884
surgical_masks (64).jpg,320,240,surgical,82,85,168,151
surgical_masks (64).jpg,320,240,surgical,160,94,234,156
surgical_masks (65).jpg,320,240,surgical,99,93,208,202
surgical_masks (66).jpg,400,225,surgical,162,63,236,114
surgical_masks (67).jpg,1024,1011,surgical,226,316,729,686
surgical_masks (68).jpg,320,240,surgical,85,105,297,240
surgical_masks (69).jpg,931,524,surgical,177,186,370,360
surgical_masks (7).jpg,615,409,surgical,77,131,290,344
surgical_masks (7)0.jpeg,720,405,surgical,427,180,633,350
surgical_masks (7)0.jpeg,720,405,homemade,133,87,304,222
surgical_masks (70).jpg,1920,1080,surgical,1083,501,1317,618
surgical_masks (71).jpg,2048,1152,surgical,13,604,191,815
surgical_masks (71).jpg,2048,1152,surgical,205,633,433,822
surgical_masks (71).jpg,2048,1152,surgical,500,549,716,745
surgical_masks (71).jpg,2048,1152,surgical,982,290,1193,498
surgical_masks (71).jpg,2048,1152,surgical,1849,511,2048,725
surgical_masks (71).jpg,2048,1152,surgical,1735,230,1930,361
surgical_masks (71).jpg,2048,1152,surgical,513,142,713,290
surgical_masks (73).jpg,626,417,surgical,123,186,304,315
surgical_masks (75).jpg,626,444,surgical,248,173,377,262
surgical_masks (76).jpg,800,533,surgical,182,200,442,414
surgical_masks (77).jpg,1320,893,surgical,263,298,372,376
surgical_masks (77).jpg,1320,893,surgical,575,278,692,365
surgical_masks (77).jpg,1320,893,surgical,782,263,880,340
surgical_masks (77).jpg,1320,893,surgical,1089,457,1175,512
surgical_masks (77).jpg,1320,893,surgical,1224,193,1315,270
surgical_masks (77).jpg,1320,893,surgical,877,171,964,223
surgical_masks (78).jpg,950,633,surgical,134,200,337,361
surgical_masks (79).jpg,1600,1000,surgical,508,194,730,362
surgical_masks (8).jpg,1100,733,surgical,479,294,679,438
surgical_masks (80).jpg,728,728,surgical,165,353,329,495
surgical_masks (80).jpg,728,728,surgical,377,292,549,417
surgical_masks (81).jpg,599,900,surgical,95,410,487,646
surgical_masks (82).jpg,300,183,surgical,121,59,231,134
surgical_masks (83).jpg,640,360,surgical,238,176,446,323
surgical_masks (84).jpg,1200,821,surgical,455,327,797,595
surgical_masks (85).jpg,824,431,surgical,364,142,530,292
surgical_masks (85).jpg,824,431,bare,59,194,217,294
surgical_masks (85).jpg,824,431,bare,613,188,753,291
surgical_masks (86).jpg,1300,956,surgical,607,390,837,569
surgical_masks (87).jpg,724,483,surgical,389,150,527,260
surgical_masks (88).jpg,1200,801,surgical,318,300,627,557
surgical_masks (88).jpg,1200,801,surgical,72,471,318,674
surgical_masks (88).jpg,1200,801,surgical,823,400,1195,734
surgical_masks (9).jpg,800,541,surgical,280,237,448,368
surgical_masks (9)0.jpeg,780,520,surgical,425,247,549,330
surgical_masks (90).jpg,696,531,surgical,254,201,442,346
surgical_masks (91).jpg,1023,682,surgical,417,235,640,409
surgical_masks (92).jpg,682,1023,surgical,198,355,567,617
surgical_masks (93).jpg,620,388,surgical,369,126,565,285
surgical_masks (93).jpg,620,388,surgical,43,86,122,142
surgical_masks (94).jpg,450,450,surgical,101,212,343,382
surgical_masks (95).jpg,800,400,surgical,58,183,344,400
surgical_masks (95).jpg,800,400,surgical,422,170,745,396
surgical_masks (96).jpg,1280,720,surgical,537,177,762,345
surgical_masks (96).jpg,1280,720,surgical,1110,126,1192,251
surgical_masks (97).jpg,626,417,surgical,379,110,496,200
surgical_masks (98).jpg,626,447,surgical,405,210,478,277
surgical_masks (99).jpg,626,417,surgical,363,137,499,245
